"","x"
"1","data/test1.txt"
"2","data/test10.txt"
"3","data/test100.txt"
"4","data/test11.txt"
"5","data/test12.txt"
"6","data/test13.txt"
"7","data/test14.txt"
"8","data/test15.txt"
"9","data/test16.txt"
"10","data/test17.txt"
"11","data/test18.txt"
"12","data/test19.txt"
"13","data/test2.txt"
"14","data/test20.txt"
"15","data/test21.txt"
"16","data/test22.txt"
"17","data/test23.txt"
"18","data/test24.txt"
"19","data/test25.txt"
"20","data/test26.txt"
"21","data/test27.txt"
"22","data/test28.txt"
"23","data/test29.txt"
"24","data/test3.txt"
"25","data/test30.txt"
"26","data/test31.txt"
"27","data/test32.txt"
"28","data/test33.txt"
"29","data/test34.txt"
"30","data/test35.txt"
"31","data/test36.txt"
"32","data/test37.txt"
"33","data/test38.txt"
"34","data/test39.txt"
"35","data/test4.txt"
"36","data/test40.txt"
"37","data/test41.txt"
"38","data/test42.txt"
"39","data/test43.txt"
"40","data/test44.txt"
"41","data/test45.txt"
"42","data/test46.txt"
"43","data/test47.txt"
"44","data/test48.txt"
"45","data/test49.txt"
"46","data/test5.txt"
"47","data/test50.txt"
"48","data/test51.txt"
"49","data/test52.txt"
"50","data/test53.txt"
"51","data/test54.txt"
"52","data/test55.txt"
"53","data/test56.txt"
"54","data/test57.txt"
"55","data/test58.txt"
"56","data/test59.txt"
"57","data/test6.txt"
"58","data/test60.txt"
"59","data/test61.txt"
"60","data/test62.txt"
"61","data/test63.txt"
"62","data/test64.txt"
"63","data/test65.txt"
"64","data/test66.txt"
"65","data/test67.txt"
"66","data/test68.txt"
"67","data/test69.txt"
"68","data/test7.txt"
"69","data/test70.txt"
"70","data/test71.txt"
"71","data/test72.txt"
"72","data/test73.txt"
"73","data/test74.txt"
"74","data/test75.txt"
"75","data/test76.txt"
"76","data/test77.txt"
"77","data/test78.txt"
"78","data/test79.txt"
"79","data/test8.txt"
"80","data/test80.txt"
"81","data/test81.txt"
"82","data/test82.txt"
"83","data/test83.txt"
"84","data/test84.txt"
"85","data/test85.txt"
"86","data/test86.txt"
"87","data/test87.txt"
"88","data/test88.txt"
"89","data/test89.txt"
"90","data/test9.txt"
"91","data/test90.txt"
"92","data/test91.txt"
"93","data/test92.txt"
"94","data/test93.txt"
"95","data/test94.txt"
"96","data/test95.txt"
"97","data/test96.txt"
"98","data/test97.txt"
"99","data/test98.txt"
"100","data/test99.txt"
